Workbook

Sheet 概览
A1: 门店对账｜先看异常，再核原因
A2: 仅使用合成数据 · 每份导出 12 行 · 金额单位：人民币元 · 全部原始行保留，重复记录未自动删除
A4: POS 原始净额（含重复） | E4: 银行原始净额（含重复） | I4: 差额：银行 − POS
A5: =POS导出!D19 -> 1544 | E5: =银行导出!C19 -> 1666 | I5: =E5-A5 -> 122
A8: 按流水号核对两侧原始行数和净额；重复、缺失及差额结论需结合业务确认。
I10: 核对结果（按唯一流水号）
I11: 一致 | L11: =COUNTIF(对账明细!$H$7:$H$18,I11) -> 6
I12: 重复待核 | L12: =COUNTIF(对账明细!$H$7:$H$18,I12) -> 2
I13: 金额差异 | L13: =COUNTIF(对账明细!$H$7:$H$18,I13) -> 2
I14: 银行缺失 | L14: =COUNTIF(对账明细!$H$7:$H$18,I14) -> 1
I15: POS 缺失 | L15: =COUNTIF(对账明细!$H$7:$H$18,I15) -> 1
I17: POS 总额核查 | L17: =IF(ROUND(SUM(对账明细!C7:C18)-POS导出!D19,2)=0,"通过","待检查") -> 通过
I18: 银行总额核查 | L18: =IF(ROUND(SUM(对账明细!E7:E18)-银行导出!C19,2)=0,"通过","待检查") -> 通过
I19: 差额合计核查 | L19: =IF(ROUND(SUM(对账明细!F7:F18)-(E5-A5),2)=0,"通过","待检查") -> 通过
I20: 核对号数 | L20: =COUNTA(对账明细!A7:A18) -> 12
A23: 口径：收款为正，退款为负；退款用独立流水号。原始净额包含疑似重复行，用于核查导出完整性，不是已经确认的营业收入。
A25: 更新：修改现有 12 行的金额会重新计算；新增行或修改流水号，需同步更新核对清单和范围。演示仅展示首单对账，不包含技师提成、多店或完整经营看板。
A27: 原需求：付费小表试单；399 元是拟报价

Sheet 对账明细
A1: 12 个唯一流水号的对账明细
A2: 差额 = 银行净额 − POS 净额；按流水号精确匹配。先标缺失，再标重复，最后比较金额；异常不等于业务错误。
A6: 订单流水号 | B6: POS 笔数 | C6: POS 净额（元） | D6: 银行笔数 | E6: 银行净额（元） | F6: 差额（元） | G6: 重复标志 | H6: 核对结论
A7: D-001 | B7: =COUNTIF(POS导出!$A$6:$A$17,$A7) -> 1 | C7: =SUMIF(POS导出!$A$6:$A$17,$A7,POS导出!$D$6:$D$17) -> 128 | D7: =COUNTIF(银行导出!$A$6:$A$17,$A7) -> 1 | E7: =SUMIF(银行导出!$A$6:$A$17,$A7,银行导出!$C$6:$C$17) -> 128 | F7: =ROUND(E7-C7,2) -> 0 | G7: =IF(AND(B7>1,D7>1),"两边重复",IF(B7>1,"POS 重复",IF(D7>1,"银行重复","无"))) -> 无 | H7: =IF(B7=0,"POS 缺失",IF(D7=0,"银行缺失",IF(OR(B7>1,D7>1),"重复待核",IF(F7<>0,"金额差异","一致")))) -> 一致
A8: D-002 | B8: =COUNTIF(POS导出!$A$6:$A$17,$A8) -> 1 | C8: =SUMIF(POS导出!$A$6:$A$17,$A8,POS导出!$D$6:$D$17) -> 198 | D8: =COUNTIF(银行导出!$A$6:$A$17,$A8) -> 1 | E8: =SUMIF(银行导出!$A$6:$A$17,$A8,银行导出!$C$6:$C$17) -> 198 | F8: =ROUND(E8-C8,2) -> 0 | G8: =IF(AND(B8>1,D8>1),"两边重复",IF(B8>1,"POS 重复",IF(D8>1,"银行重复","无"))) -> 无 | H8: =IF(B8=0,"POS 缺失",IF(D8=0,"银行缺失",IF(OR(B8>1,D8>1),"重复待核",IF(F8<>0,"金额差异","一致")))) -> 一致
A9: D-003 | B9: =COUNTIF(POS导出!$A$6:$A$17,$A9) -> 1 | C9: =SUMIF(POS导出!$A$6:$A$17,$A9,POS导出!$D$6:$D$17) -> 268 | D9: =COUNTIF(银行导出!$A$6:$A$17,$A9) -> 2 | E9: =SUMIF(银行导出!$A$6:$A$17,$A9,银行导出!$C$6:$C$17) -> 536 | F9: =ROUND(E9-C9,2) -> 268 | G9: =IF(AND(B9>1,D9>1),"两边重复",IF(B9>1,"POS 重复",IF(D9>1,"银行重复","无"))) -> 银行重复 | H9: =IF(B9=0,"POS 缺失",IF(D9=0,"银行缺失",IF(OR(B9>1,D9>1),"重复待核",IF(F9<>0,"金额差异","一致")))) -> 重复待核
A10: D-004 | B10: =COUNTIF(POS导出!$A$6:$A$17,$A10) -> 1 | C10: =SUMIF(POS导出!$A$6:$A$17,$A10,POS导出!$D$6:$D$17) -> 168 | D10: =COUNTIF(银行导出!$A$6:$A$17,$A10) -> 1 | E10: =SUMIF(银行导出!$A$6:$A$17,$A10,银行导出!$C$6:$C$17) -> 160 | F10: =ROUND(E10-C10,2) -> -8 | G10: =IF(AND(B10>1,D10>1),"两边重复",IF(B10>1,"POS 重复",IF(D10>1,"银行重复","无"))) -> 无 | H10: =IF(B10=0,"POS 缺失",IF(D10=0,"银行缺失",IF(OR(B10>1,D10>1),"重复待核",IF(F10<>0,"金额差异","一致")))) -> 金额差异
A11: D-005 | B11: =COUNTIF(POS导出!$A$6:$A$17,$A11) -> 1 | C11: =SUMIF(POS导出!$A$6:$A$17,$A11,POS导出!$D$6:$D$17) -> 98 | D11: =COUNTIF(银行导出!$A$6:$A$17,$A11) -> 0 | E11: =SUMIF(银行导出!$A$6:$A$17,$A11,银行导出!$C$6:$C$17) -> 0 | F11: =ROUND(E11-C11,2) -> -98 | G11: =IF(AND(B11>1,D11>1),"两边重复",IF(B11>1,"POS 重复",IF(D11>1,"银行重复","无"))) -> 无 | H11: =IF(B11=0,"POS 缺失",IF(D11=0,"银行缺失",IF(OR(B11>1,D11>1),"重复待核",IF(F11<>0,"金额差异","一致")))) -> 银行缺失
A12: D-006 | B12: =COUNTIF(POS导出!$A$6:$A$17,$A12) -> 1 | C12: =SUMIF(POS导出!$A$6:$A$17,$A12,POS导出!$D$6:$D$17) -> 228 | D12: =COUNTIF(银行导出!$A$6:$A$17,$A12) -> 1 | E12: =SUMIF(银行导出!$A$6:$A$17,$A12,银行导出!$C$6:$C$17) -> 228 | F12: =ROUND(E12-C12,2) -> 0 | G12: =IF(AND(B12>1,D12>1),"两边重复",IF(B12>1,"POS 重复",IF(D12>1,"银行重复","无"))) -> 无 | H12: =IF(B12=0,"POS 缺失",IF(D12=0,"银行缺失",IF(OR(B12>1,D12>1),"重复待核",IF(F12<>0,"金额差异","一致")))) -> 一致
A13: R-007 | B13: =COUNTIF(POS导出!$A$6:$A$17,$A13) -> 1 | C13: =SUMIF(POS导出!$A$6:$A$17,$A13,POS导出!$D$6:$D$17) -> -58 | D13: =COUNTIF(银行导出!$A$6:$A$17,$A13) -> 1 | E13: =SUMIF(银行导出!$A$6:$A$17,$A13,银行导出!$C$6:$C$17) -> -58 | F13: =ROUND(E13-C13,2) -> 0 | G13: =IF(AND(B13>1,D13>1),"两边重复",IF(B13>1,"POS 重复",IF(D13>1,"银行重复","无"))) -> 无 | H13: =IF(B13=0,"POS 缺失",IF(D13=0,"银行缺失",IF(OR(B13>1,D13>1),"重复待核",IF(F13<>0,"金额差异","一致")))) -> 一致
A14: D-008 | B14: =COUNTIF(POS导出!$A$6:$A$17,$A14) -> 1 | C14: =SUMIF(POS导出!$A$6:$A$17,$A14,POS导出!$D$6:$D$17) -> 188 | D14: =COUNTIF(银行导出!$A$6:$A$17,$A14) -> 1 | E14: =SUMIF(银行导出!$A$6:$A$17,$A14,银行导出!$C$6:$C$17) -> 188 | F14: =ROUND(E14-C14,2) -> 0 | G14: =IF(AND(B14>1,D14>1),"两边重复",IF(B14>1,"POS 重复",IF(D14>1,"银行重复","无"))) -> 无 | H14: =IF(B14=0,"POS 缺失",IF(D14=0,"银行缺失",IF(OR(B14>1,D14>1),"重复待核",IF(F14<>0,"金额差异","一致")))) -> 一致
A15: R-009 | B15: =COUNTIF(POS导出!$A$6:$A$17,$A15) -> 1 | C15: =SUMIF(POS导出!$A$6:$A$17,$A15,POS导出!$D$6:$D$17) -> -38 | D15: =COUNTIF(银行导出!$A$6:$A$17,$A15) -> 1 | E15: =SUMIF(银行导出!$A$6:$A$17,$A15,银行导出!$C$6:$C$17) -> -28 | F15: =ROUND(E15-C15,2) -> 10 | G15: =IF(AND(B15>1,D15>1),"两边重复",IF(B15>1,"POS 重复",IF(D15>1,"银行重复","无"))) -> 无 | H15: =IF(B15=0,"POS 缺失",IF(D15=0,"银行缺失",IF(OR(B15>1,D15>1),"重复待核",IF(F15<>0,"金额差异","一致")))) -> 金额差异
A16: D-010 | B16: =COUNTIF(POS导出!$A$6:$A$17,$A16) -> 1 | C16: =SUMIF(POS导出!$A$6:$A$17,$A16,POS导出!$D$6:$D$17) -> 88 | D16: =COUNTIF(银行导出!$A$6:$A$17,$A16) -> 1 | E16: =SUMIF(银行导出!$A$6:$A$17,$A16,银行导出!$C$6:$C$17) -> 88 | F16: =ROUND(E16-C16,2) -> 0 | G16: =IF(AND(B16>1,D16>1),"两边重复",IF(B16>1,"POS 重复",IF(D16>1,"银行重复","无"))) -> 无 | H16: =IF(B16=0,"POS 缺失",IF(D16=0,"银行缺失",IF(OR(B16>1,D16>1),"重复待核",IF(F16<>0,"金额差异","一致")))) -> 一致
A17: D-011 | B17: =COUNTIF(POS导出!$A$6:$A$17,$A17) -> 2 | C17: =SUMIF(POS导出!$A$6:$A$17,$A17,POS导出!$D$6:$D$17) -> 276 | D17: =COUNTIF(银行导出!$A$6:$A$17,$A17) -> 1 | E17: =SUMIF(银行导出!$A$6:$A$17,$A17,银行导出!$C$6:$C$17) -> 138 | F17: =ROUND(E17-C17,2) -> -138 | G17: =IF(AND(B17>1,D17>1),"两边重复",IF(B17>1,"POS 重复",IF(D17>1,"银行重复","无"))) -> POS 重复 | H17: =IF(B17=0,"POS 缺失",IF(D17=0,"银行缺失",IF(OR(B17>1,D17>1),"重复待核",IF(F17<>0,"金额差异","一致")))) -> 重复待核
A18: D-012 | B18: =COUNTIF(POS导出!$A$6:$A$17,$A18) -> 0 | C18: =SUMIF(POS导出!$A$6:$A$17,$A18,POS导出!$D$6:$D$17) -> 0 | D18: =COUNTIF(银行导出!$A$6:$A$17,$A18) -> 1 | E18: =SUMIF(银行导出!$A$6:$A$17,$A18,银行导出!$C$6:$C$17) -> 88 | F18: =ROUND(E18-C18,2) -> 88 | G18: =IF(AND(B18>1,D18>1),"两边重复",IF(B18>1,"POS 重复",IF(D18>1,"银行重复","无"))) -> 无 | H18: =IF(B18=0,"POS 缺失",IF(D18=0,"银行缺失",IF(OR(B18>1,D18>1),"重复待核",IF(F18<>0,"金额差异","一致")))) -> POS 缺失
A20: 全行合计 | B20: =SUM(B7:B18) -> 12 | C20: =SUM(C7:C18) -> 1544 | D20: =SUM(D7:D18) -> 12 | E20: =SUM(E7:E18) -> 1666 | F20: =SUM(F7:F18) -> 122 | G20: 保留重复行 | H20: =COUNTIF(H7:H18,"<>一致")&" 组待核" -> 6 组待核
A22: 重复标志不自动认定多次付款。缺失可能来自到账延迟或导出不完整；差额可能来自手续费、部分退款或数据口径，需结合业务确认。
A24: 核对清单是 12 个演示流水号的并集，含银行独有的 D-012。真实试单会依据客户导出重建清单，确认退款、手续费与跨日到账的口径。

Sheet POS导出
A1: POS 导出｜12 笔合成记录
A2: 蓝色为输入；收款为正、退款为负。退款使用独立流水号；重复行保留，待核实后再处理。
A5: 订单流水号 | B5: 交易日期 | C5: 类型 | D5: 金额（元） | E5: 演示说明
A6: D-001 | B6: 46290 | C6: 收款 | D6: 128 | E6: 正常对账
A7: D-002 | B7: 46290 | C7: 收款 | D7: 198 | E7: 正常对账
A8: D-003 | B8: 46290 | C8: 收款 | D8: 268 | E8: 银行导出含重复流水
A9: D-004 | B9: 46290 | C9: 收款 | D9: 168 | E9: 银行差额待核；不自动认定手续费
A10: D-005 | B10: 46290 | C10: 收款 | D10: 98 | E10: 银行导出没有此号
A11: D-006 | B11: 46291 | C11: 收款 | D11: 228 | E11: 正常对账
A12: R-007 | B12: 46291 | C12: 退款 | D12: -58 | E12: 独立退款流水号；双方均用负数
A13: D-008 | B13: 46291 | C13: 收款 | D13: 188 | E13: 正常对账
A14: R-009 | B14: 46291 | C14: 退款 | D14: -38 | E14: 退款金额差异待核
A15: D-010 | B15: 46291 | C15: 收款 | D15: 88 | E15: 正常对账
A16: D-011 | B16: 46291 | C16: 收款 | D16: 138 | E16: POS 导出含重复行
A17: D-011 | B17: 46291 | C17: 收款 | D17: 138 | E17: 模拟同一流水再次导出；不自动删除
A19: 原始导出净额 | D19: =SUM(D6:D17) -> 1544
A21: 范围固定为 12 行演示。新增行或更改流水号后，必须同步更新核对清单与公式范围。不能把净额当作去重后营业收入。

Sheet 银行导出
A1: 银行导出｜12 笔合成记录
A2: 蓝色为输入；到账为正、退款为负。B-003 模拟同一银行流水重复导出，不代表两次真实到账。
A5: 订单流水号 | B5: 到账日期 | C5: 金额（元） | D5: 银行流水号 | E5: 演示说明
A6: D-001 | B6: 46291 | C6: 128 | D6: B-001 | E6: 正常对账
A7: D-002 | B7: 46291 | C7: 198 | D7: B-002 | E7: 正常对账
A8: D-003 | B8: 46291 | C8: 268 | D8: B-003 | E8: 原始导出行
A9: D-003 | B9: 46291 | C9: 268 | D9: B-003 | E9: 模拟银行同一流水重复导出
A10: D-004 | B10: 46291 | C10: 160 | D10: B-004 | E10: 到账少 8 元；原因待核
A11: D-006 | B11: 46292 | C11: 228 | D11: B-006 | E11: 正常对账
A12: R-007 | B12: 46292 | C12: -58 | D12: B-007 | E12: 退款负数，与 POS 一致
A13: D-008 | B13: 46292 | C13: 188 | D13: B-008 | E13: 正常对账
A14: R-009 | B14: 46292 | C14: -28 | D14: B-009 | E14: 退款少 10 元；原因待核
A15: D-010 | B15: 46292 | C15: 88 | D15: B-010 | E15: 正常对账
A16: D-011 | B16: 46292 | C16: 138 | D16: B-011 | E16: 只有一笔银行流水
A17: D-012 | B17: 46292 | C17: 88 | D17: B-012 | E17: POS 导出没有此号
A19: 原始导出净额 | C19: =SUM(C6:C17) -> 1666
A21: 范围固定为 12 行演示。新增行或更改流水号后，必须同步更新核对清单与公式范围。不能把净额当作去重后营业收入。
